<?xml version="1.0" encoding="UTF-8"?>
<project-private xmlns="http://www.netbeans.org/ns/project-private/1">
    <editor-bookmarks xmlns="http://www.netbeans.org/ns/editor-bookmarks/2" lastBookmarkId="0"/>
    <open-files xmlns="http://www.netbeans.org/ns/projectui-open-files/2">
        <group>
            <file>file:/C:/Users/celio/Documents/NetBeansProjects/MVC_DAO/src/dao/UsuarioDao.java</file>
            <file>file:/C:/Users/celio/Documents/NetBeansProjects/MVC_DAO/src/view/UsuarioView.java</file>
            <file>file:/C:/Users/celio/Documents/NetBeansProjects/MVC_DAO/src/view/UsuarioTableModel.java</file>
            <file>file:/C:/Users/celio/Documents/NetBeansProjects/MVC_DAO/src/controller/UsuarioController.java</file>
            <file>file:/C:/Users/celio/Documents/NetBeansProjects/MVC_DAO/src/conexao/Conexao.java</file>
            <file>file:/C:/Users/celio/Documents/NetBeansProjects/MVC_DAO/src/principal/MVC_DAO.java</file>
        </group>
    </open-files>
</project-private>
